{"cameraMode":{"drawMode":0,"name":"Shaded","section":"Shading Mode"},"sceneLighting":true,"audioPlay":false,"sceneViewState":{"showFog":true,"showMaterialUpdate":true,"showSkybox":true,"showFlares":true,"showImageEffects":true,"showParticleSystems":true},"in2DMode":false,"pivot":{"x":-0.2200000286102295,"y":3.119999885559082,"z":0.0},"rotation":{"x":-0.14062140882015229,"y":-0.0549415647983551,"z":0.007808451075106859,"w":-0.9885091185569763},"size":1.0380678176879883,"orthographic":false}